route,html_route
/add-image,/add-image.html
/add-text,/add-text.html
/ai,/ai.html
/ai-to-pdf,/ai-to-pdf.html
/annotate,/annotate.html
/batch,/batch.html
/bates-numbering,/bates-numbering.html
/bookmarks,/bookmarks.html
/compare-pdf,/compare-pdf.html
/compress-pdf,/compress-pdf.html
/connect-ai,/connect-ai.html
/convert,/convert.html
/create-form,/create-form.html
/create-pdf,/create-pdf.html
/crop-pdf,/crop-pdf.html
/csv-to-pdf,/csv-to-pdf.html
/design-file-to-pdf,/design-file-to-pdf.html
/docx-to-pdf,/docx-to-pdf.html
/e-invoice,/e-invoice.html
/editor,/editor.html
/epub-to-pdf,/epub-to-pdf.html
/excel-pdf,/excel-pdf.html
/fill-form,/fill-form.html
/flatten-pdf,/flatten-pdf.html
/gif-to-pdf,/gif-to-pdf.html
/html-to-pdf,/html-to-pdf.html
/image-to-pdf,/image-to-pdf.html
/insert-pages,/insert-pages.html
/invoice-creator,/invoice-creator.html
/jpg-to-pdf,/jpg-to-pdf.html
/markdown-to-pdf,/markdown-to-pdf.html
/merge,/merge.html
/ocr-pdf,/ocr-pdf.html
/odf-to-pdf,/odf-to-pdf.html
/pdf-accessibility,/pdf-accessibility.html
/pdf-inspector,/pdf-inspector.html
/pdf-metadata,/pdf-metadata.html
/pdf-overlay,/pdf-overlay.html
/pdf-to-cbz,/pdf-to-cbz.html
/pdf-to-csv,/pdf-to-csv.html
/pdf-to-docx,/pdf-to-docx.html
/pdf-to-epub,/pdf-to-epub.html
/pdf-to-html,/pdf-to-html.html
/pdf-to-image,/pdf-to-image.html
/pdf-to-jpg,/pdf-to-jpg.html
/pdf-to-markdown,/pdf-to-markdown.html
/pdf-to-odg,/pdf-to-odg.html
/pdf-to-odp,/pdf-to-odp.html
/pdf-to-ods,/pdf-to-ods.html
/pdf-to-odt,/pdf-to-odt.html
/pdf-to-pdf-epub,/pdf-to-pdf-epub.html
/pdf-to-png,/pdf-to-png.html
/pdf-to-pptx,/pdf-to-pptx.html
/pdf-to-rtf,/pdf-to-rtf.html
/pdf-to-txt,/pdf-to-txt.html
/pdf-to-xlsx,/pdf-to-xlsx.html
/pdf-to-zip,/pdf-to-zip.html
/png-to-pdf,/png-to-pdf.html
/ppt-pdf,/ppt-pdf.html
/pptx-to-pdf,/pptx-to-pdf.html
/protect-pdf,/protect-pdf.html
/qr-code,/qr-code.html
/rasterize-pdf,/rasterize-pdf.html
/recipe,/recipe.html
/redact-pdf,/redact-pdf.html
/remove-pages,/remove-pages.html
/repair-pdf,/repair-pdf.html
/request-signature,/request-signature.html
/resize-pdf-pages,/resize-pdf-pages.html
/rotate-pdf,/rotate-pdf.html
/scan-to-pdf,/scan-to-pdf.html
/sign-pdf,/sign-pdf.html
/split,/split.html
/svg-to-pdf,/svg-to-pdf.html
/text-pdf,/text-pdf.html
/txt-to-pdf,/txt-to-pdf.html
/unlock-pdf,/unlock-pdf.html
/verify-signature,/verify-signature.html
/view-pdf,/view-pdf.html
/watch,/watch.html
/watermark-pdf,/watermark-pdf.html
/webpage-to-pdf,/webpage-to-pdf.html
/word-pdf,/word-pdf.html
/xlsx-to-pdf,/xlsx-to-pdf.html
/xml-einvoice-to-pdf,/xml-einvoice-to-pdf.html
/zip-to-pdf,/zip-to-pdf.html
